NAAM;CATEGORIE;STRAAT;NUMMER;POSTNUMMER;STAD
 ELEGANTIA;BEAUTY & HEALTH;KEIZER KARELSTRAAT;131;9000;GENT
M;FASHION & ACCESSOIRES;BENNESTEEG;19-21;9000;GENT
'AKSENT;SFEERVOL WONEN;HOOGPOORT;43;9000;GENT
'T BENNESTEEGSKE;HAPJE & DRANKJE;BENNESTEEG;23;9000;GENT
'T BRASKE;HAPJE & DRANKJE;NORMAALSCHOOLSTRAAT;39;9000;GENT
'T BUIKSKE VOL;RESTAURANT;KRAANLEI;17;9000;GENT
'T FRIETPALEIS;HAPJE & DRANKJE;KONINGIN ELISABETHLAAN;60;9000;GENT
'T GARNIERKEN : BIJ ' T GEZIN ...;RESTAURANT;DE PINTELAAN;137;9000;GENT
'T GENIETERKE;HAPJE & DRANKJE;VRIJDAGMARKT;35;9000;GENT
'T KLOKHUYS;HAPJE & DRANKJE;CORDUWANIERSSTRAAT;65;9000;GENT
'T RETOUCHKE;FASHION & ACCESSOIRES;KLINIEKSTRAAT;3;9050;GENTBRUGGE
'T VINGERHOEDJE;ALLERLEI;ABDIJMOLENSTRAAT;30;9031;DRONGEN
'T ZUIDERHUIS;SPORT & ONTSPANNING;KORTEDAGSTEEG;13/15;9000;GENT
2COMPUTE;SPORT & ONTSPANNING;SCHOOLDREEF;73;9050;GENTBRUGGE
A CE SOIR;FASHION & ACCESSOIRES;ONDERBERGEN;51;9000;GENT
APRIL;CADEAUS;BURGSTRAAT;27E;9000;GENT
A.PUUR.A;CADEAUS;ONDERBERGEN;56;9000;GENT
ABACHO;HAPJE & DRANKJE;HOOGPOORT;12;9000;GENT
ACE & DICE TATTOO;BEAUTY & HEALTH;GELDMUNT;35;9000;GENT
ADEK EXCLUSIEF KEUKENAPPARATEN;SFEERVOL WONEN;GRONDWETLAAN;81;9040;SINT AMANDSBERG
AKDENIZ;RESTAURANT;SLUIZEKEN;21;9000;GENT
ALFABET DRUKKERIJ;ALLERLEI;SINT-DENIJSLAAN;317;9000;GENT
ALLURE;BEAUTY & HEALTH;MARIAKERKSESTEENWEG;38;9031;DRONGEN
ALPY VZW;DELICATESSEN;STEPPESTEDE;4;9051;SINT-DENIJS-WESTREM
ALTAN;ALLERLEI;SLUIZEKEN;13;9000;GENT
ALTIPLANO BOOKS;ALLERLEI;BAGATTENSTRAAT;5;9000;GENT
AMBERHOEVE;FASHION & ACCESSOIRES;OUDBURG;60;9000;GENT
AMBROSIA SUIKERBONEN & ...;CADEAUS;ANTWERPSESTEENWEG;332/001;9040;SINT-AMANDSBERG
ANIMAL STORE;FASHION & ACCESSOIRES;WALPOORTSTRAAT;34;9000;GENT
ANTIEK-DEPOT;ANTIEK & DESIGN;BAUDELOSTRAAT;15;9000;GENT
ANYK THE COMPANY OF HEALTH  ;ALLERLEI;ZUIDERTOREN GASTON CROMMENLAAN;8;9050;GENT
APHRODITE;FASHION & ACCESSOIRES;DENDERMONDSESTEENWEG;321;9040;SINT-AMANDSBERG
APLUSSTUDIO;SFEERVOL WONEN;DOK-ZUID;27 A;9000;GENT
AQUARA;BEAUTY & HEALTH;CEDERSTRAAT;20;9000;GENT
AQUATHERMAE RELAXATIECENTER;BEAUTY & HEALTH;BRUGSEVAART;136;9030;MARIAKERKE
ARACADE VASTGOED;SFEERVOL WONEN;MAALTEBRUGGESTRAAT;8;9000;GENT
ARGOS;SFEERVOL WONEN;KORTRIJKSESTEENWEG;426;9000;GENT
AS BANDENCENTRALE;SPORT & ONTSPANNING;GEBROEDERS DE SMETSTRAAT;78;9000;GENT
ASTORIA HOTEL GENT;ALLERLEI;ACHILLES MUSSCHESTRAAT;39;9000;GENT
AU BOEUF QUI RIT;RESTAURANT;STEENDAM;13;9000;GENT
AUDIO-VIDEO SERVICE BEECKMANS ...;SPORT & ONTSPANNING;MOREKSTRAAT;601;9032;WONDELGEM
AUDREY SHOES FOR MEN;FASHION & ACCESSOIRES;"BRABANTDAM """;36;9000;GENT
AUSTRALIAN SHOP;CADEAUS;MAGELEINSTRAAT;48;9000;GENT
AUTOCENTER HUTSEBAUT;SPORT & ONTSPANNING;PALINGHUIZEN;80;9000;GENT
AVANCE;FASHION & ACCESSOIRES;VELDSTRAAT;81;9000;GENT
AVANTI;BEAUTY & HEALTH;BURGSTRAAT;63;9000;GENT
AVOTHEA;SPORT & ONTSPANNING;BURGSTRAAT;28-30;9000;GENT
AXESWAR DESIGN;CADEAUS;SINT-PIETERSNIEUWSTRAAT;12;9000;GENT
AZUR BEAUTY & WELLNESS;BEAUTY & HEALTH;VLAANDERENSTRAAT;7;9000;GENT
B&B LE SILENCE DE L'ESCAUT;ALLERLEI;VISSERIJ;207 BUS 2;9000;GENT
B&B GOEIEMORGEN;ALLERLEI;STROPSTRAAT;126;9000;GENT
B&B STUDIO INS INN;ALLERLEI;CORDUWANIERSSTRAAT;11;9000;GENT
B.A.T.;FASHION & ACCESSOIRES;KORTEMUNT;4;9000;GENT
B.O.T BANDAGIST ORTHOPEDISCHE ...;ALLERLEI;BOTESTRAAT;1;9032;WONDELGEM
BABAZOU.COM;FASHION & ACCESSOIRES;SINT-DIONYSIUSSTRAAT;49;9051;SINT-DENIJS-WESTREM
BADHUIS OASE;BEAUTY & HEALTH;KLINKKOUTERSTRAAT;70;9040;GENT
BAKKERIJ DELOOF;HAPJE & DRANKJE;ZWIJNAARDSESTEENWEG;670;9000;GENT
BAKKERIJ DIRK;ALLERLEI;VAN DEN HECKESTRAAT;93;9050;GENT
BAKKERIJ OKORO;DELICATESSEN;BRUGSESTEENWEG;180;9000;GENT
BAKKERIJ VAN HOOREBEKE;DELICATESSEN;WELDADIGHEIDSTRAAT;26;9050;LEDEBERG
BANDENCENTRALE DE GEYTER BVBA;ALLERLEI;ANTWERPSESTEENWEG;371;9040;SINT-AMANDSBERG
BAR D'OH LINGERIE;FASHION & ACCESSOIRES;ONDERSTRAAT;21;9000;GENT
BARISTA;HAPJE & DRANKJE;HIPPOLIET LIPPENSPLEIN;25;9000;GENT
BE-ANGELED;FASHION & ACCESSOIRES;RABOTSTRAAT;1/mei;9000;GENT
BEAUTY ESSENTIALS;BEAUTY & HEALTH;VANILLESTRAAT;1;9041;OOSTAKKER
BEAUTY QUEEN BEAUTYQUE & ...;BEAUTY & HEALTH;DONKERSTEEG;22;9000;GENT
BEAUTY SERVICE;SPORT & ONTSPANNING;HUNDELGEMSESTEENWEG;51;9050;LEDEBERG
BEAVER CORNER;ALLERLEI;BEVERHOUTPLEIN;5;9000;GENT
BED &BREAKFAST DE WATERZOOI;ALLERLEI;SINT-VEERLEPLEIN;2;9000;GENT
BED AND BREAKFAST PORTUS GANDA;ALLERLEI;KEIZER KARELSTRAAT;97/7;9000;GENT
BELARTISAN;DELICATESSEN;"AJUINLEI """;14;9000;GENT
BELGA QUEEN;RESTAURANT;GRASLEI;10;9000;GENT
BELGIAN TREASURES;SFEERVOL WONEN;ST. BAAFSPLEIN;6;9000;GENT
BELLE EPOQUE;FASHION & ACCESSOIRES;KETELPOORT;2;9000;GENT
BENS TAPIJTEN;SFEERVOL WONEN;VOLDERSSTRAAT;52;9000;GENT
BIO-PLANET EETHOEK;HAPJE & DRANKJE;DRONGENSESTEENWEG;134;9000;GENT
BIOKAPPER;BEAUTY & HEALTH;ZUIDSTATIONSTRAAT;16;9000;GENT
BIOKAPSALON MARIANNE;BEAUTY & HEALTH;GEBROEDERS DESMETSTRAAT;8;9000;GENT
BISTRO 'T KETELTJE;ALLERLEI;"NEDERKOUTER """;1;9000;GENT
BISTRO J'AI TROUVÃ©;HAPJE & DRANKJE;"AJUINLEI """;16;9000;GENT
BJÃ¶RN BORG GENT;FASHION & ACCESSOIRES;BRABANTDAM;15;9000;GENT
BLACK BALLOON;FASHION & ACCESSOIRES;ONDERBERGEN;39;9000;GENT
BLAZERS & BLAZERS;SPORT & ONTSPANNING;MARTELAARSLAAN;82;9000;GENT
BLEU C'EST GRIS;FASHION & ACCESSOIRES;VLAANDERENSTRAAT;98/100;9000;GENT
BLOEMBINDERIJ VERVAECKE;SFEERVOL WONEN;SINT-JACOBSNIEUWSTRAAT;32;9000;GENT
BLOEMEN EN PLANTEN ACACIA;CADEAUS;EMMANUEL HIELSTRAAT;16;9050;GENTBRUGGE
BLUE VELVET;FASHION & ACCESSOIRES;BAUDELOSTRAAT;12;9000;GENT
BODY LINE;BEAUTY & HEALTH;KERKHOFSTRAAT;1;9030;MARIAKERKE
BOEKENMARKT DE KAFT;ALLERLEI;KORTRIJKSEPOORTSTRAAT;44;9000;GENT
BOEKHANDEL I*BOEKS;CADEAUS;HOVENIERSSTRAAT;96;9050;GENT
BOEKHANDEL LIMERICK;ALLERLEI;KONINGIN ELISABETHLAAN;142;9000;GENT
BOETIEK KREA;FASHION & ACCESSOIRES;ABDIJMOLENSTRAAT;2/apr;9031;DRONGEN
BOGAERT BEDDING;SFEERVOL WONEN;F. BURVENICHSTRAAT;106;9050;GENTBRUGGE
BOLLEBUIK;FASHION & ACCESSOIRES;MAURICE CLAEYSPLEIN;7;9030;MARIAKERKE
BONAMI;DELICATESSEN;HENEGOUWENSTRAAT;119;9000;GENT
BOONANTS SHOE NEDERKOUTER;FASHION & ACCESSOIRES;"NEDERKOUTER """;143;9000;GENT
BOONANTS SHOE OUDBURG;FASHION & ACCESSOIRES;OUDBURG;6;9000;GENT
BOVEN DE GRIJZE WOLKEN;HAPJE & DRANKJE;GILDESTRAAT;1;9000;GENT
BRASIL;RESTAURANT;EMILE BRAUNPLEIN;15;9000;GENT
BRASSERIE BORLUUT;RESTAURANT;KORENMARKT;7;9000;GENT
BRASSERIE CAFÃ© DES ARTS;HAPJE & DRANKJE;SCHOUWBURGSTRAAT;12;9000;GENT
BRASSERIE DE JACOB;RESTAURANT;VRIJDAGMARKT;16;9000;GENT
BRASSERIE FONDUE DE ROTONDE;RESTAURANT;KORTRIJKSESTEENWEG;1;9000;GENT
BRASSERIE PAKHUIS;RESTAURANT;SCHUURKENSTRAAT;4;9000;GENT
BRASSERIE SINT BAAFS;HAPJE & DRANKJE;SINT-BAAFSPLEIN;23;9000;GENT
BRASSERIE STADIUS;HAPJE & DRANKJE;DRABSTRAAT;36;9000;GENT
BRASSERIE THE RYTHEM;RESTAURANT;BRUGSESTEENWEG;265 A;9000;GENT
BREADPOINT;HAPJE & DRANKJE;"""JACQUES EGGERMONTSTRAAT";57;9050;LEDEBERG
BRILPUNT;FASHION & ACCESSOIRES;EVERGEMSESTEENWEG;2;9032;WONDELGEM
BRITTANNIA BVBA;SPORT & ONTSPANNING;ANTWERPSESTEENWEG;1116;9041;OOSTAKKER
BROC EN BOUCHE;FASHION & ACCESSOIRES;BROC EN BOUCHE;6L;9000;GENT
BROC EN BOUCHE;FASHION & ACCESSOIRES;LANGE KRUISSTRAAT;6L;9000;GENT
BROODNODIG;HAPJE & DRANKJE;ZWIJNAARDSESTEENWEG;49;9000;GENT
BROOKLYN;FASHION & ACCESSOIRES;VELDSTRAAT;40;9000;GENT
BURIGAT DECORATIE;SFEERVOL WONEN;"COUPURE """;300;9000;GENT
BURKELBLOEM;SFEERVOL WONEN;DAMPOORTSTRAAT;92;9000;GENT
BVBA ONWEDER;CADEAUS;BRUGSESTEENWEG;590;9030;"MARIAKERKE """
BYGONE;FASHION & ACCESSOIRES;SINT-NIKLAASSTRAAT;12;9000;GENT
B³ - BED AND BREAKFAST BOAT;ALLERLEI;ZUIDKAAI;43;9000;GENT
CAFE DE HOEVE;HAPJE & DRANKJE;KRIJTESTRAAT;103;9041;OOSTAKKER
CAFE DE PARIS;HAPJE & DRANKJE;VRIJDAGMARKT;4;9000;GENT
CAFE DE STUDENT;HAPJE & DRANKJE;VOSKENSLAAN;67;9000;GENT
CAFE DON FREDO;HAPJE & DRANKJE;WONDELGEMSTATIONPLEIN;1;9032;WONDELGEM
CAFFÃ¨ CAFFEE;HAPJE & DRANKJE;NEDERKOUTER;129;9000;GENT
CAMELEON TRAVEL & INCENTIVES;SPORT & ONTSPANNING;DEINSESTEENWEG;95;9031;DRONGEN
CAPA GENT;FASHION & ACCESSOIRES;BURGSTRAAT;100-102;9000;GENT
CAR WASH TOTAL FLIEBERG;ALLERLEI;HUNDELGEMSESTEENWEG;471;9050;GENTBRUGGE
CARDOEN;ALLERLEI;POORTAKKERSTRAAT;11;9051;SINT-DENIJS-WESTREM
CARGO;SFEERVOL WONEN;KROMME WAL;1;9000;GENT
CARMELITANA;CADEAUS;BURGSTRAAT;92;9000;GENT
CARWASH SUPERGLANS;SPORT & ONTSPANNING;BAARLEDORPSTRAAT;52A;9031;DRONGEN
CASSIS;RESTAURANT;VRIJDAGMARKT;5;9000;GENT
CHARMY;FASHION & ACCESSOIRES;MAGELEINSTRAAT;9;9000;GENT
CHI ARTÃ©;BEAUTY & HEALTH;SINT-KATELIJNESTRAAT;30;9000;GENT
CHILL'OUT GENT;FASHION & ACCESSOIRES;VELDSTRAAT;77;9000;GENT
CHOCOLADEBAR;HAPJE & DRANKJE;SINT-PIETERSNIEUWSTRAAT;99;9000;GENT
CHOCOLATERIE - PATISSERIE VAN ...;DELICATESSEN;KOESTRAAT;42;9000;GENT
CHOCOLATERIE BELFORT;DELICATESSEN;BELFORTSTRAAT;30;9000;GENT
CHOCOLATERIE VAN LERBERGE;DELICATESSEN;KORTRIJKSESTEENWEG;643;9000;GENT
CHRISTL CLEAR PILATES;SPORT & ONTSPANNING;BOLLEBERGEN;7;9052;ZWIJNAARDE
CITY DELHAIZE;ALLERLEI;KOUTER;158;9000;GENT
CITY LOOKING;BEAUTY & HEALTH;WOODROW WILSONPLEIN;4;9000;GENT
CLAEYSSENS OPTIC;FASHION & ACCESSOIRES;VOSKENSLAAN;32;9000;GENT
CLIPLIJN;ALLERLEI;ANTWERPSESTEENWEG;215;9040;SINT-AMANDSBERG
CLUB;ALLERLEI;W. WILSONPLEIN  SHOPPING ZUID;4 BUS 300;9000;GENT
CM KEUKENS;ALLERLEI;DENDERMONDSESTEENWEG;52;9000;GENT
COEUR PISTACHE;FASHION & ACCESSOIRES;NEDERKOUTER;2;9000;GENT
COLLIN;DELICATESSEN;KALANDEBERG;5;9000;GENT
COMME UN RÃªVE;SFEERVOL WONEN;BRABANTDAM;56 B;9000;GENT
COMPOINT;ALLERLEI;ZWIJNAARDSESTEENWEG;45;9000;GENT
COMPRESS;ALLERLEI;KRAMERSPLEIN;16A;9000;GENT
COPPENS-JOOS;ANTIEK & DESIGN;BURGSTRAAT;23;9000;GENT
CORIUM;FASHION & ACCESSOIRES;BRABANTDAM;28;9000;GENT
COUNT'S GALLERY;CADEAUS;REKELINGESTRAAT;1;9000;GENT
CRINKLES;FASHION & ACCESSOIRES;WOODROW WILSONPLEIN;303/4;9000;GENT
D'AXENDRE;BEAUTY & HEALTH;CONTRIBUTIESTRAAT;6;9000;GENT
DA LUIGI;DELICATESSEN;LAMMERSTRAAT;5;9000;GENT
DAMASS;HAPJE & DRANKJE;KORENMARKT;2C;9000;GENT
DASKALIDES;DELICATESSEN;HENEGOUWENSTRAAT;1;9000;GENT
DASKALIDES CHOCOLATE ROOM;ALLERLEI;VRIJDAGMARKT;11;9000;GENT
DE BANIER CREATIEF;SPORT & ONTSPANNING;HOEFSLAGSTRAATJE;1;9000;GENT
DE BLAUWE PEN;ALLERLEI;LOOFBLOMMESTRAAT;18;9051;ST-DENIJS-WESTREM
DE BLINDE REIZIGER;ALLERLEI;BURGSTRAAT;45;9000;GENT
DE BOORDPOORT;HAPJE & DRANKJE;SINT-LIEVENSPOORTSTRAAT;20;9000;GENT
DE CENTRALE - WERELDRESTAURANT;RESTAURANT;KRAANKINDERSTRAAT;2;9000;GENT
DE DULLE GRIET;HAPJE & DRANKJE;VRIJDAGMARKT;50;9000;GENT
DE GOUDFILIALEN BVBA;CADEAUS;NEDERKOUTER;39;9000;GENT
DE GROENE WAAIER;RESTAURANT;SCHOONMEERSSTRAAT;25;9000;GENT
DE KAASPOORT KATOO;DELICATESSEN;ANTWERPSESTEENWEG;54;9000;GENT
DE KASSEI;SPORT & ONTSPANNING;COUPURE LINKS;503;9000;GENT
DE KLEINE BURGEMEESTER;RESTAURANT;WAAISTRAAT;14;9000;GENT
DE KUIP VAN GENT;HAPJE & DRANKJE;KORENMARKT;32;9000;GENT
DE KUNSTBURG;SFEERVOL WONEN;BURGSTRAAT;25;9000;GENT
DE MAECHT VAN GHENT;HAPJE & DRANKJE;KORENMARKT;5;9000;GENT
DE PAPIEREN KORF;SPORT & ONTSPANNING;DAMPOORTSTRAAT;46;9000;GENT
DE PLANCK;HAPJE & DRANKJE;TER PLATEN;10;9000;GENT
DE SCHAAR;FASHION & ACCESSOIRES;VIERWEEGSESTRAAT;20;9032;WONDELGEM
DE SPEELFONTEIN;CADEAUS;KONINGIN ASTRIDLAAN;169;9000;GENT
DE TOBA WERELD;BEAUTY & HEALTH;VLAANDERENSTRAAT;78;9000;GENT
DE WITTE LEEUW;RESTAURANT;GRASLEI;6;9000;GENT
DE WITTE LEEUW;RESTAURANT;GRASLEI;6;9000;GENT
DEDEOGLU PIZZA-GRILL;RESTAURANT;DENDERMONDSESTEENWEG;141;9000;GENT
DEGETECH;ALLERLEI;DRIEMASTERSTRAAT;54;9000;GENT
DEKOR DESIGN;FASHION & ACCESSOIRES;MAGELEINSTRAAT;17;9000;GENT
DELTA GROEP IT SOLUTIONS;ALLERLEI;OTTOGRACHT;37;9000;GENT
DEN TUMI : PIERCING EN TATTOO;BEAUTY & HEALTH;BAGATTENSTRAAT;175;9000;GENT
DENBIERTAXI;RESTAURANT;SMALLEHEERWEG;10;9041;OOSTAKKER
DERIDDER SPORT;FASHION & ACCESSOIRES;DAMPOORTSTRAAT;14-16;9000;GENT
DESIGN7;SFEERVOL WONEN;NIEUWPOORT;7;9000;GENT
DIDI;FASHION & ACCESSOIRES;VELDSTRAAT;29;9000;GENT
DINELLI'S DINNERCAFÃ©;HAPJE & DRANKJE;SCHELDESTRAAT;66;9040;SINT-AMANDSBERG
DOEN.;SFEERVOL WONEN;BRABANTDAM;48;9000;GENT
DOETS & DOETS;FASHION & ACCESSOIRES;KRIJGSLAAN;163;9000;GENT
DON & DONA;BEAUTY & HEALTH;SLUIZEKEN;31;9000;GENT
DOUBLE FACE - ANN HUYBENS;FASHION & ACCESSOIRES;TROMMELSTRAAT;2;9000;GENT
DOWN-TOWN AMERICAN BAR & GRILL;RESTAURANT;VRIJDAGMARKT;33;9000;GENT
DOWNSTAIRS;RESTAURANT;KORENMARKT;6;9000;GENT
DRANKEN GEERS;HAPJE & DRANKJE;LEDERGEMSTRAAT;7;9041;OOSTAKKER
DRANKENCENTRALE DE HOPDUVEL;DELICATESSEN;COUPURE LINKS;625;9000;GENT
DRUKKERIJ PUBLIPRINTING;ALLERLEI;KLEIMOER;6;9030;MARIAKERKE
DRUKKERIJ VAN MUYLEM ANTOINE;ALLERLEI;LAND VAN WAASLAAN;99;9040;GENT
DRUKTE;ALLERLEI;PAPEGAAISTRAAT;64/001;9000;GENT
DU PROGRES;RESTAURANT;KORENMARKT;10;9000;GENT
EAT IT;RESTAURANT;BRUGSEVAART;170;9030;MARIAKERKE
ECCO SHOP GENT;FASHION & ACCESSOIRES;NEDERKOUTER;119;9000;GENT
ECI;CADEAUS;NEDERKOUTER;35;9000;GENT
EETCAFE TWILIGHT;HAPJE & DRANKJE;KORENMARKT;36;9000;GENT
ELDEMA;CADEAUS;NORMAALSCHOOLSTRAAT;44;9000;GENT
ELEKTROSPECIALIST GRILLAERT ...;ALLERLEI;ZWIJNAARDSESTEENWEG;804;9000;GENT
ELLE ET GAND;FASHION & ACCESSOIRES;"""JAN PALFIJNSTRAAT";36;9000;GENT
ENTHEOS;SPORT & ONTSPANNING;FRANS DE CONINCKSTRAAT;21;9050;LEDEBERG
EPIC;CADEAUS;"NEDERKOUTER """;55;9000;GENT
EPICURUS DELICATESSEN;DELICATESSEN;VOORMUIDE;8;9000;GENT
ERASMUS HOTEL;CADEAUS;POEL;25;9000;GENT
ESTHETIEK ILSE D;BEAUTY & HEALTH;SINT-LIEVENSLAAN;95;9000;GENT
ESTHETIEK ILSE D;BEAUTY & HEALTH;SINT-LIEVENSLAAN;95;9000;GENT
EUROGREEN;ALLERLEI;NIEUWEVAART;124;9000;GENT
EVENTIX;SPORT & ONTSPANNING;LUCHTERENKERKWEG;36;9031;DRONGEN
EVERGREEN SNOOKER-TAVERNE;SPORT & ONTSPANNING;SLEEPSTRAAT;74;9000;GENT
EXTRASOFT;SPORT & ONTSPANNING;BRUGSESTEENWEG;212;9000;GENT
FARFOEL;ALLERLEI;DONKERSTEEG;7;9000;GENT
FASHION 4 MORE BVBA;FASHION & ACCESSOIRES;LANGE VIOLETTESTRAAT;5;9000;GENT
FILATELIE DE CLERCQ JOSEPH;SPORT & ONTSPANNING;KORTRIJKSEPOORTSTRAAT;65;9000;GENT
FINE FLEUR;CADEAUS;ROOIGEMLAAN;430A;9000;GENT
FITNESS STUDIO ATHLETICS;SPORT & ONTSPANNING;FREDERIK BURVENICHSTRAAT;171;9050;GENTBRUGGE
FLAMANT;SFEERVOL WONEN;HENEGOUWENSTRAAT;4;9000;GENT
FLEUR DE COIN;ALLERLEI;BURGSTRAAT;"139*""";9000;GENT
FLORIST MAENHAUT;CADEAUS;NEDERKOUTER;103;9000;GENT
FOTOGRAFIE DEKNUDT;ALLERLEI;"RONDEHUISJESDREEF """;18;9031;DRONGEN
FOTOGRAFIE HILDE BRAET;SPORT & ONTSPANNING;VISSERIJ;162;9000;GENT
FOX TRAVEL;SPORT & ONTSPANNING;DENDERMONDSESTEENWEG;150;9000;GENT
FRANCO-BELGE;SPORT & ONTSPANNING;BELFORTSTRAAT;24;9000;GENT
FRED & GINGER;FASHION & ACCESSOIRES;BENNESTEEG;6;9000;GENT
FRESHEYES.BE;FASHION & ACCESSOIRES;BRABANTDAM;31A;9000;GENT
FRIET LOUNGE;HAPJE & DRANKJE;NORMAALSCHOOLSTRAAT;47;9000;GENT
FRIETCULTUUR;HAPJE & DRANKJE;KANTIENBERG;28;9000;GENT
FRITUUR SKYLINE;HAPJE & DRANKJE;OVERPOORTSTRAAT;7;9000;GENT
FRITUUR-SNACK 'T EVERZWIJNTJE;HAPJE & DRANKJE;OOSTAKKERDORP;20;9041;OOSTAKKER
FRUITCO BVBA;ALLERLEI;KAMMERSTRAAT;3;9000;GENT
FUNKY VISION;FASHION & ACCESSOIRES;SINT-PIETERSNIEUWSTRAAT;34;9000;GENT
FUNNI.BE;FASHION & ACCESSOIRES;BEGIJNENGRACHT;1;9000;GENT
FYZIX;SPORT & ONTSPANNING;ROOIGEMLAAN;2;9000;GENT
G14 KUNSTGALERIE;ALLERLEI;LIMBURGSTRAAT;14;9000;GENT
GALERIJ MARTENS;CADEAUS;WILLEM WENEMAERSTRAAT;6;9000;GENT
GALLERY 39;CADEAUS;CITADELLAAN;39;9000;GENT
GAME MANIA;SPORT & ONTSPANNING;DAMPOORTSTRAAT;30;9000;GENT
GAME MANIA;SPORT & ONTSPANNING;BRUGSESTEENWEG;96;9000;GENT
GARAGE DE PAEPE G.;ALLERLEI;HOGEHEERWEG;24A;9051;SINT-DENIJS-WESTREM
GB CARREFOUR MARIAKERKE;ALLERLEI;BRUGSESTEENWEG;494;9030;MARIAKERKE GENT
GB EXPRESS GENT;ALLERLEI;BURGSTRAAT;103;9000;GENT
GENTS FONDUEHUISJE;RESTAURANT;"""JAN BREYDELSTRAAT";30;9000;GENT
GENTSE BANDENCENTRALE;SPORT & ONTSPANNING;OTTOGRACHT;51-53;9000;GENT
GENTWOOD;SFEERVOL WONEN;BRABANTDAM;98;9000;GENT
GERBERHOM;FASHION & ACCESSOIRES;ABDIJMOLENSTRAAT;13;9031;DRONGEN
GEWOON LIES;FASHION & ACCESSOIRES;KUIPERSKAAI;17;9000;GENT
GHENT MARRIOTT HOTEL;SPORT & ONTSPANNING;KORENLEI;10;9000;GENT
GHENT-RIVER-HOTEL;ALLERLEI;WAAISTRAAT;5;9000;GENT
GIFT SHOP THE MOUSE HOUSE;CADEAUS;NEDERKOUTER;118;9000;GENT
GIGUE;FASHION & ACCESSOIRES;KORTE KRUISSTRAAT;4;9000;GENT
GINKGO;FASHION & ACCESSOIRES;NEDERKOUTER;53;9000;GENT
GINO'S HAIRCLUB;BEAUTY & HEALTH;DAMPOORTSTRAAT;28;9000;GENT
GIZMOXIA;SPORT & ONTSPANNING;KORTRIJKSEPOORTSTRAAT;35;9000;GENT
GOMINA - DEPARTMENT;FASHION & ACCESSOIRES;BRABANTDAM;31;9000;GENT
GREENWAY;HAPJE & DRANKJE;NEDERKOUTER;42;9000;GENT
GUSTO VERO;DELICATESSEN;VOLDERSSTRAAT;10;9000;GENT
HAARSTUDIO MUIS;BEAUTY & HEALTH;ANTWERPSESTEENWEG;278;9040;SINT-AMANDSBERG
HABBEKRATS;ALLERLEI;OTTOGRACHT;35;9000;GENT
HADLOW;FASHION & ACCESSOIRES;LANGE KRUISSTRAAT;8;9000;GENT
HANDYMAN;ALLERLEI;LANGEMUNT;37;9000;GENT
HASHENKA;FASHION & ACCESSOIRES;DONKERSTEEG;27A;9000;GENT
HELIOS SAUNA & ZONNECENTER;BEAUTY & HEALTH;WONDELGEMSTRAAT;192;9000;GENT
HENAU & CO;ALLERLEI;DENDERMONDSESTEENWEG;133;9000;GENT
HEPHAESTION HOLEBI-SHOP;ALLERLEI;KAMMERSTRAAT;29;9000;GENT
HERENKAPPER PATRICK;BEAUTY & HEALTH;NOORDSTRAAT;26;9000;GENT
HET BRAEMHUYS;HAPJE & DRANKJE;BRAEMSTRAAT;42;9050;GENTBRUGGE
HET COOREMETERSHUYS;FASHION & ACCESSOIRES;GRASLEI;12;9000;GENT
HET VIJGEBLAD;FASHION & ACCESSOIRES;BRUGSESTEENWEG;528;9030;MARIAKERKE
HETEKOEKJE;HAPJE & DRANKJE;DONKERSTEEG;19;9000;GENT
HOME LINEN KLOSKANTHUIS;CADEAUS;KORENLEI;3;9000;GENT
HOME MARKET;SFEERVOL WONEN;KORTRIJKSESTEENWEG;1182 B;9051;SINT-DENIJS-WESTREM
HONDENKAPSALON TINEKE;ALLERLEI;BRUGSESTEENWEG;411;9030;MARIAKERKE
HOTEL DE FLANDRE;ALLERLEI;POEL;1/feb;9000;GENT
HOTSY TOTSY;HAPJE & DRANKJE;HOOGSTRAAT;1;9000;GENT
HUIS ANNICK VAN WESEMAEL;CADEAUS;RECOLETTENLEI;2;9000;GENT
HUIS ROSANE MAISON;ALLERLEI;"INGELANDGAT (ST.MICHIELS PARKING)""";10;9000;GENT
HUISZWALUW;SFEERVOL WONEN;HOOGPOORT;3 B;9000;GENT
HURRICANE'S VOF;HAPJE & DRANKJE;SINT-COLETASTRAAT;21;9000;GENT
IKEA GENT;SFEERVOL WONEN;MAALTEKOUTER;2;9051;SINT-DENIJS-WESTREM
ILUNGA;SFEERVOL WONEN;ONDERBERGEN;54;9000;GENT
ILYVERO;SFEERVOL WONEN;NIEUWEVAART;118/D005;9000;GENT
INGRID ADRIAENSSENS;FASHION & ACCESSOIRES;KAMMERSTRAAT;11;9000;GENT
INKT GALLERY GENT;ALLERLEI;SINT-PIETERSNIEUWSTRAAT;222;9000;GENT
INKTSPECIALIST;ALLERLEI;KONINGIN ELISABETHLAAN;41;9000;GENT
INLIJSTINGEN VAN MEENEN;SFEERVOL WONEN;"""JAKOBIJNENSTRAAT";10;9000;GENT
J PRIAU BARONI;BEAUTY & HEALTH;LANGE VIOLETTESTRAAT;27;9000;GENT
JACK WOLFSKIN STORE;FASHION & ACCESSOIRES;VERLORENKOST;1/mrt;9000;GENT
JACOB;FASHION & ACCESSOIRES;"BIJ SINT-JACOBS """;7;9000;GENT
JAKE;FASHION & ACCESSOIRES;VOLDERSSTRAAT;11A;9000;GENT
JAN DEWULF;SFEERVOL WONEN;BRUGSESTEENWEG;337;9000;GENT
JAPANS RESTAURANT AMATSU;RESTAURANT;HOOGPOORT;29;9000;GENT
JASWAL;ALLERLEI;DE PINTELAAN;67;9000;GENT
JEANNE & JULES;ALLERLEI;"""JAN BREYDELSTRAAT";6;9000;GENT
JP&S CARS;ALLERLEI;BRUSSELSESTEENWEG;154;9000;GENT
JULIEN DE MAERE - JEWELLERY ...;FASHION & ACCESSOIRES;VOGELMARKT;8;9000;GENT
JUWELEN KIMPE;FASHION & ACCESSOIRES;DIKSMUIDESTRAAT;28;9000;GENT
JUWELEN NACHTERGAELE;FASHION & ACCESSOIRES;MAGELEINSTRAAT;41;9000;GENT
JUWELIER DE RUDDER;FASHION & ACCESSOIRES;SLEEPSTRAAT 221-223;221-223;9000;GENT
JUWELIER DEHAECK ANNIE;FASHION & ACCESSOIRES;DORPSSTRAAT;28;9052;ZWIJNAARDE
JUWELIER LEFEBVRE;FASHION & ACCESSOIRES;KOOPHANDELSPLEIN;18;9000;GENT
JUWELIER MUTLU;FASHION & ACCESSOIRES;WONDELGEMSTRAAT;150;9000;GENT
JUWELIER VANHOUTTEGHEM;FASHION & ACCESSOIRES;DAMPOORTSTRAAT;1/mrt;9000;GENT
KAJUIT37 WELLNESS;BEAUTY & HEALTH;POPERINGESTRAAT;37;9000;GENT
KAPSALON BELLE - BEAU;BEAUTY & HEALTH;KONING ALBERTLAAN;139;9000;GENT
KAPSALON EXACT;BEAUTY & HEALTH;ZWIJNAARDSESTEENWEG;738;9000;GENT
KAPSALON GWENNY;BEAUTY & HEALTH;ANTWERPSESTEENWEG;519;9040;SINT-AMANDSBERG
KAPSALON IL DIVO;BEAUTY & HEALTH;SINT-MARGRIETSTRAAT;27;9000;GENT
KAPSALON JEANNINE;BEAUTY & HEALTH;LANDJUWEELSTRAAT;23;9050;LEDEBERG
KAYENTA;ALLERLEI;NEDERKOUTER;71;9000;GENT
KESTELEYN JUWELEN;FASHION & ACCESSOIRES;LANGE VIOLETTESTRAAT;43;9000;GENT
KIEHL'S ;BEAUTY & HEALTH;KOESTRAAT;18;9000;GENT
KIKA EXCLUSIEF;FASHION & ACCESSOIRES;HENEGOUWENSTRAAT;42;9000;GENT
KOBALT   BOFFIGENT;SFEERVOL WONEN;WIEDAUWKAAI;24;9000;GENT
KRAAIENEST;HAPJE & DRANKJE;BLANDIJNBERG;1;9000;GENT
KRANTENBOETIEK MARIE-PAULE;ALLERLEI;DENDERMONDSESTEENWEG;110;9000;GENT
KREAFEE;CADEAUS;GROENTENMARKT;1;9000;GENT
KROKANT;HAPJE & DRANKJE;NORMAALSCHOOLSTRAAT;5;9000;GENT
KUNSTGLASRAMEN MESTDAGH;SFEERVOL WONEN;DRABSTRAAT;2;9000;GENT
KWALITEITSLAGERIJ VAN ACKER ...;DELICATESSEN;GALGLAAN;91;9000;GENT
KWALITEITSSLAGERIJ RABAUT;DELICATESSEN;FRANCISCO FERRERLAAN;140;9000;GENT
LA BUSSOLA;HAPJE & DRANKJE;ANTWERPSESTEENWEG;7;9000;GENT
LA FILLE D'O LINGERIE;FASHION & ACCESSOIRES;BURGSTRAAT;21;9000;GENT
LA LUNA;FASHION & ACCESSOIRES;SINT-PIETERSNIEUWSTRAAT;96;9000;GENT
LA PATKA : STYLING EN ...;BEAUTY & HEALTH;ENGELBERT VAN ARENBERGSTRAAT;43;9040;SINT-AMANDSBERG
LADY'S FANTASIE JUWELEN;FASHION & ACCESSOIRES;LANGEMUNT;55;9000;GENT
LAURA ASHLEY;SFEERVOL WONEN;KALANDESTRAAT;1;9000;GENT
LE BAAN THAI;RESTAURANT;CORDUWANIERSSTRAAT;57;9000;GENT
LE BATEAU;ALLERLEI;"MUINKKAAI """;1;9000;GENT
LE MONDE DUMAS;FASHION & ACCESSOIRES;GELDMUNT;24;9000;GENT
LE PROVENCAL;HAPJE & DRANKJE;GROENTENMARKT;0;9000;GENT
LEDER REYNE;FASHION & ACCESSOIRES;NEDERKOUTER;121;9000;GENT
LEDERWAREN SAHAN;FASHION & ACCESSOIRES;HOOIAARD;3;9000;GENT
LEDERWARENHUIS MARC;ALLERLEI;SINT-DIONYSIUSSTRAAT;33;9051;SINT-DENIJS-WESTREM
LEGIEST KLEEDT;FASHION & ACCESSOIRES;ANTWERPSESTEENWEG;63;9000;GENT
LEKKER GEC;RESTAURANT;KONINGIN MARIA-HENDRIKAPLEIN;5/jun;9000;GENT
LEONIDAS CHOCOLATES&CAFE;DELICATESSEN;EMILE BRAUNPLEIN;13;9000;GENT
LEONIDAS WONDELGEM ...;DELICATESSEN;BOTESTRAAT;59;9032;WONDELGEM
LEPLUBO;HAPJE & DRANKJE;MAGELEINSTRAAT;43;9000;GENT
LES ATELIERS DE LA MAILLE;FASHION & ACCESSOIRES;BRABANTDAM;4;9000;GENT
LES FILLES ET LES CHIENS;FASHION & ACCESSOIRES;ZUIDSTATIONSTRAAT;9/feb;9000;GENT
LES TRÃ©SORS;DELICATESSEN;OUDBURG;55;9000;GENT
LIEN VAN WEMMEL;FASHION & ACCESSOIRES;"GRASLEI """;12;9000;GENT
LIGHTPOINT EUROPE;SFEERVOL WONEN;STEENDAM;50;9000;GENT
LOTTE;CADEAUS;OTTOGRACHT;50;9000;GENT
LOUISE & MADELEINE;CADEAUS;KRAANLEI;61;9000;GENT
LUC DE VREESE SOUND + VISION;SPORT & ONTSPANNING;OOSTAKKERDORP;34;9041;OOSTAKKER
LUXCOLOR;ALLERLEI;ZWIJNAARDSESTEENWEG;76;9000;GENT
MANIAGARAGE BVBA;SPORT & ONTSPANNING;MOREKSTRAAT;354;9032;WONDELGEM
MARCOSERUSSI;FASHION & ACCESSOIRES;MAGELEINSTRAAT;6;9000;GENT
MARIE MERO;FASHION & ACCESSOIRES;VOGELMARKT;20;9000;GENT
MASSIMO COLLEZIONI;FASHION & ACCESSOIRES;KORTEDAGSTEEG;33;9000;GENT
MBT POINT GENT;BEAUTY & HEALTH;LIMBURGSTRAAT;24;9000;GENT
MEDISCHE PEDICURE EN MANICURE ...;BEAUTY & HEALTH;"""JULES PERSYNSTRAAT";57;9050;GENTBRUGGE
MERCEDES-BENZ GENT NV;ALLERLEI;AFRIKALAAN;208;9000;GENT
MEZZE-BAR;RESTAURANT;OUDBURG 31;31;9000;GENT
MEZZO GENT;CADEAUS;KALANDEBERG;8;9000;GENT
MIEKE;FASHION & ACCESSOIRES;BAUDELOSTRAAT;23;9000;GENT
MIRO'S BOOKSHOP;ALLERLEI;KLINIEKSTRAAT;25;9050;GENTBRUGGE
MOKABON BVBA;HAPJE & DRANKJE;DONKERSTEEG;35;9000;GENT
MOVIES;FASHION & ACCESSOIRES;SINT-PIETERSNIEUWSTRAAT;5;9000;GENT
MY HOME BY TURKMEN;ALLERLEI;AFRIKALAAN;200;9000;GENT
MYCOM GENT (HET ...;ALLERLEI;OUDENAARDSESTEENWEG;91;9000;GENT
MYRIAM WULFFAERT VINTAGE;FASHION & ACCESSOIRES;ST.-JACOBSNIEUWSTRAAT;90;9000;GENT
MYRTHE;CADEAUS;HUNDELGEMSESTEENWEG;24;9050;LEDEBERG
MYSTIC YOGA;BEAUTY & HEALTH;KANARIESTRAAT;65;9032;GENT
NAAICENTER DE BONDT-SALLEMEYN;SPORT & ONTSPANNING;LAURIERSTRAAT;8;9052;ZWIJNAARDE
NAF NAF BOUTIQUE;FASHION & ACCESSOIRES;WOODROW WILSONPLEIN;4 372-375;9000;GENT
NAPOLEON;HAPJE & DRANKJE;COUPURE LINKS;497;9000;GENT
NARAYAN AYURVEDISCHE MASSAGE;BEAUTY & HEALTH;SPELLEWERKSTRAAT;114;9030;MARIAKERKE
NATHALIE ENGELS;FASHION & ACCESSOIRES;ONDERBERGEN;58;9000;GENT
NICOLE BURRICK;FASHION & ACCESSOIRES;MAGELEINSTRAAT;40;9000;GENT
NO LIMITS FITNESS;SPORT & ONTSPANNING;BRUGSESTEENWEG;INGANG VIA NR. 585;9030;MARIAKERKE
NOVOTEL GENT CENTRUM;SPORT & ONTSPANNING;GOUDENLEEUWPLEIN;5;9000;GENT
NUDES GALLERY;CADEAUS;RIJSENBERGSTRAAT;60;9000;GENT
NUTRITOP;BEAUTY & HEALTH;BREEBROEKSTRAAT;44;9030;MARIAKERKE
NYORAI;BEAUTY & HEALTH;PROVENIERSTERSSTRAAT;11;9000;GENT
OCEAN CITY;RESTAURANT;KORTRIJKSESTEENWEG;173;9000;GENT
OKAPI;FASHION & ACCESSOIRES;KORTRIJKSESTEENWEG;210;9000;GENT
OLIVE 'N OIL;DELICATESSEN;BRUGSEVAART;141;9030;MARIAKERKE
ONIS JUWELEN COLLECTIES;FASHION & ACCESSOIRES;KWAADHAM;52;9000;GENT
ONTBIJTSERVICE DE KORF;DELICATESSEN;FRANS GEVAERTSTRAAT;2;9040;SINT AMANDSBERG
OPTIEK AAO ACADEMISCHE ...;FASHION & ACCESSOIRES;ZWIJNAARDSESTEENWEG;17;9000;GENT
OPTIEK ABC AKOESTIEK;FASHION & ACCESSOIRES;WONDELGEMSTRAAT;6;9000;GENT
OPTIEK CASSIERS;FASHION & ACCESSOIRES;E. SEGHERSPLEIN;7;9000;GENT
OPTIEK HULPIAU - GENTBRUGGE;FASHION & ACCESSOIRES;BRUSSELSESTEENWEG;608;9050;GENT
OPTIEK JAN MEES;FASHION & ACCESSOIRES;MYOSOTISSTRAAT;1;9000;GENT
OPTIEK JO DIRICKX;FASHION & ACCESSOIRES;"""JOZEF PLATEAUSTRAAT";1;9000;GENT
OPTIEK MATTHIJS;FASHION & ACCESSOIRES;MAGELEINSTRAAT;32;9000;GENT
OPTIEK TRIOPTIC;FASHION & ACCESSOIRES;KORTRIJKSESTEENWEG;592;9000;GENT
OPTIEK VAN BIGNOOT;FASHION & ACCESSOIRES;ZWIJNAARDSESTEENWEG;496;9000;GENT
OPTIMUM KASTEN BVBA - KAST-ID ...;SFEERVOL WONEN;DENDERMONDSESTEENWEG;258;9040;SINT-AMANDSBERG
ORIGIN'O ;ALLERLEI;MARIAKERKSESTEENWEG;34;9031;GENT
ORTHOPEDIE PRIAU BARONI;ALLERLEI;LANGE VIOLETTESTRAAT;27;9000;GENT
OUTLET: LA BOUTIQUE SECRÃ¨TE;FASHION & ACCESSOIRES;RODELIJVEKENSSTRAAT;11;9000;GENT
OVERPOORT BOWL;SPORT & ONTSPANNING;OVERPOORTSTRAAT;38;9000;GENT
PAIN DOLIVE;RESTAURANT;BLAISANTVEST;33;9000;GENT
PAÃ¯S;SPORT & ONTSPANNING;MARIAKERKSESTEENWEG;34;9031;DRONGEN
PALEIS;FASHION & ACCESSOIRES;LANGE VIOLETTESTRAAT;62;9000;GENT
PALM BEACH SUNCENTER;BEAUTY & HEALTH;SINT-NIKLAASSTRAAT;25;9000;GENT
PAPIER & CO;ALLERLEI;SINT-PIETERSPLEIN;52;9000;GENT
PARFUMERIE ICI PARIS XL;BEAUTY & HEALTH;VELDSTRAAT;84;9000;GENT
PARTENA GEZONDHEIDSHOP;SPORT & ONTSPANNING;"""J. KLUYSKENSSTRAAT";1;9000;GENT
PASCALI;CADEAUS;NEDERPOLDER;16;9000;GENT
PASSION FOR WINDOWS;SFEERVOL WONEN;EDGARD TINELSTRAAT;34;9040;SINT-AMANDSBERG
PATYNTJE;RESTAURANT;"GORDUNAKAAI """;91;9000;GENT
PAULA HAAR DESIGN;BEAUTY & HEALTH;PRINSES CLEMENTINALAAN;104;9000;GENT
PEAK PERFORMANCE GENERAL ...;SPORT & ONTSPANNING;BRABANTDAM;30;9000;GENT
PHI JUWELEN;FASHION & ACCESSOIRES;VLAANDERENSTRAAT;119/002;9000;GENT
PHULKARI;FASHION & ACCESSOIRES;"""JAN BREYDELSTRAAT";40;9000;GENT
PIANO'S JACEK & SVETLO BVBA;SFEERVOL WONEN;LAND VAN WAASLAAN;150;9040;GENT
PIANO'S MAENE GENT - PIANO ...;SPORT & ONTSPANNING;CITADELLAAN;60;9000;GENT
PIETERS JOHAN DECORATIE;SFEERVOL WONEN;DAMPOORTSTRAAT;91;9000;GENT
PILI-PILI;SPORT & ONTSPANNING;MEERSENIERSSTRAAT;dec/14;9000;GENT
PILI-PILI;FASHION & ACCESSOIRES;GROENTENMARKT;PENSHUISJES 5/6;9000;GENT
PIZZA EXPRESS;HAPJE & DRANKJE;SINT-KWINTENSBERG;62;9000;GENT
PIZZA HUT - DE STERRE;HAPJE & DRANKJE;PACIFICATIELAAN;6;9000;GENT
PIZZA HUT KORENMARKT;HAPJE & DRANKJE;KORENMARKT;34;9000;GENT
PIZZA ROMA;RESTAURANT;HOOGSTRAAT;162;9000;GENT
PIZZERIA TRATTORIA LA PUGLIA;RESTAURANT;SINT-LIEVENSPOORTSTRAAT;224;9000;GENT
PLANET HAIR;BEAUTY & HEALTH;ZWIJNAARDSESTEENWEG;193;9000;GENT
PLANTAARDIG;CADEAUS;ABDIJMOLENSTRAAT;46B;9031;DRONGEN
PLUM GENT;SPORT & ONTSPANNING;"NEDERKOUTER """;141;9000;GENT
POGGENPOHL - FIRMA DE VIS;SFEERVOL WONEN;OVERPOORTSTRAAT;24-32;9000;GENT
POINT FINAL;ALLERLEI;OVERPOORTSTRAAT;15;9000;GENT
POMERANS;BEAUTY & HEALTH;ADOLF BAEYENSSTRAAT;113;9040;SINT-AMANDSBERG
POMPIDOU;BEAUTY & HEALTH;FRANCOIS BENARDSTRAAT;80;9000;GENT
POSTZEGELHANDEL HUIS ETIENNE ...;ALLERLEI;DENDERMONDSESTEENWEG;263-265;9040;SINT-AMANDSBERG
PRAATCAFÃ© 'T SPOOR;HAPJE & DRANKJE;LEO TERTZWEILLAAN;12;9050;GENTBRUGGE
PRALINES ALEXANDRE;DELICATESSEN;EINDE WERE;73;9000;GENT
PRIAU BARONI;FASHION & ACCESSOIRES;LANGE VIOLETTESTRAAT;27;9000;GENT
PRIMA MAAIKE & KRIS;DELICATESSEN;BAGATTENSTRAAT;59;9000;GENT
PULLI LINE;FASHION & ACCESSOIRES;KOESTRAAT;1;9000;GENT
QUICHE KEURIG;HAPJE & DRANKJE;KONINGIN ELISABETHLAAN;57;9000;GENT
QUICK OOSTAKKER;RESTAURANT;ANTWERPSESTEENWEG;733;9040;GENT
RESTAURANT DE RAVE;RESTAURANT;SCHEPENHUISSTRAAT;2;9000;GENT
RESTAURANT GREEK TIME;RESTAURANT;BRUGSEVAART;141;9030;MARIAKERKE
RESTAURANT KAAI 14;RESTAURANT;KUIPERSKAAI;14;9000;GENT
REWIND STORE;FASHION & ACCESSOIRES;SINT-PIETERSNIEUWSTRAAT;44;9000;GENT
RIAS KOOKWINKEL;SFEERVOL WONEN;BRUGSESTEENWEG;21;9000;GENT
RIJSTKAFEE;RESTAURANT;SINT JACOBSNIEUWSTRAAT;34;9000;GENT
RISTAURANTE BARI;RESTAURANT;BRABANTDAM;103;9000;GENT
RITA MODE;FASHION & ACCESSOIRES;BEVRIJDINGSLAAN;21;9000;GENT
RIVALI;SFEERVOL WONEN;VOLDERSSTRAAT;2;9000;GENT
ROCOCO;RESTAURANT;CORDUWANIERSSTRAAT;57;9000;GENT
ROGGE LUC;SFEERVOL WONEN;ZONNESTRAAT;43;9000;GENT
ROGGE MAURICE NV : DE GENTSE ...;SFEERVOL WONEN;STEENDAM;17;9000;GENT
ROOD;RESTAURANT;SLEEPSTRAAT;210;9000;GENT
ROOMER BVBA;DELICATESSEN;KREVELSTRAAT;3;9000;GENT
RUDI'S OCEAN CENTER;SPORT & ONTSPANNING;STAPELPLEIN;45;9000;GENT
RUTHS PLACE;CADEAUS;SERPENTSTRAAT;9;9000;GENT
SACHA;FASHION & ACCESSOIRES;VOLDERSSTRAAT;11;9000;GENT
SALON NEXX;BEAUTY & HEALTH;TWEEKAPELLENSTRAAT;77.GV;9050;GENTBRUGGE
SCHLEIPER NV;SPORT & ONTSPANNING;ONDERBERGEN;31;9000;GENT
SCHOENEN BRIGITTE;FASHION & ACCESSOIRES;MARIAKERKSESTEENWEG;82;9031;GENT
SCHOENEN PRIAU BARONI;FASHION & ACCESSOIRES;LANGE VIOLETTESTRAAT;27;9000;GENT
SCHOONHEIDSINSTITUUT COTE BEAUTE;BEAUTY & HEALTH;KAREL LODEWIJK DIERICKXSTRAAT;3;9000;GENT
SCHOONHEIDSINSTITUUT PUUR A;BEAUTY & HEALTH;ZEGER VAN KORTRIJKSTRAAT;39;9031;DRONGEN
SCHOONHEIDSSALON PAPILLON;BEAUTY & HEALTH;GENTBRUGGESTRAAT;98;9040;SINT-AMANDSBERG
SEM@TELIER;BEAUTY & HEALTH;MARIAKERKSESTEENWEG;94B;9031;DRONGEN
SENSI;FASHION & ACCESSOIRES;HOOGPOORT;3;9000;GENT
SHANTI;CADEAUS;DONKERSTEEG;24;9000;GENT
SHA`S EXOTIC SNACKS;DELICATESSEN;SINT-PIETERSNIEUWSTRAAT;222;9000;GENT
SIMON LEVELT KOFFIE- EN ...;DELICATESSEN;KLEINE VISMARKT;5;9000;GENT
SIRIUS ;BEAUTY & HEALTH;KORTRIJKSE STEENWEG;249/253;9000;GENT
SIZO COIFFURE;BEAUTY & HEALTH;KORTE MEER;8;9000;GENT
SJAPOO;FASHION & ACCESSOIRES;SLUIZEKEN;29;9000;GENT
SLAGERIJ  ST.-ANTONIUS;DELICATESSEN;SLEEPSTRAAT;64;9000;GENT
SLAGERIJ BURMS H.;DELICATESSEN;SINT-LIEVENSPOORTSTRAAT;58;9000;GENT
SOLAR;FASHION & ACCESSOIRES;BENNESTEEG;12;9000;GENT
SOLEIL BLEU CITY;BEAUTY & HEALTH;KORTE KRUISSTRAAT;7;9000;GENT
SOS INTERNATIONAL;FASHION & ACCESSOIRES;VELDSTRAAT;59;9000;GENT
SPARERIB CAFFEE;HAPJE & DRANKJE;KRAANLEI;19;9000;GENT
SPECTORCENTER LUXCOLOR DE BUCK;SPORT & ONTSPANNING;ZWIJNAARDSESTEENWEG;76;9000;GENT
SPORTSDIRECT.COM;SPORT & ONTSPANNING;ZONNESTRAAT;6;9000;GENT
STEF-FOOD BVBA;DELICATESSEN;SINT-LIEVENSPOORTSTRAAT;59;9000;GENT
STEREO TYPE;HAPJE & DRANKJE;OUDE SCHELDESTRAAT;16;9000;GENT
STOCKHOUSE : LANDELIJKE ...;SFEERVOL WONEN;LONDENSTRAAT;16;9000;GENT
STOCKVERKOOP FILLE;ALLERLEI;DENDERMONDSESTEENWEG;331/333;9040;SINT-AMANDSBERG
STUDIO M ;BEAUTY & HEALTH;"""J. EGGERMONTSTRAAT";57;9050;LEDEBERG
SUITE;FASHION & ACCESSOIRES;HOOGPOORT;59;9000;GENT
SUPER SOLDI;CADEAUS;HOOGPOORT;20;9000;GENT
SURF-IN;SPORT & ONTSPANNING;BRUSSELSESTEENWEG;117B;9050;LEDEBERG
SURROUND;SFEERVOL WONEN;VLAANDERENSTRAAT;90;9000;GENT
SUSHI-FOOD;HAPJE & DRANKJE;LIMBURGSTRAAT;36;9000;GENT
TATTOO & PIERCING BODYDESIGN;BEAUTY & HEALTH;NEDERKOUTER;34;9000;GENT
TATTY & CO;RESTAURANT;SINT-DIONYSIUSSTRAAT;13;9051;SINT-DENIJS-WESTREM
TAVERNE - RESTAURANT BRIDGE;HAPJE & DRANKJE;SINT-BAAFSPLEIN;21;9000;GENT
TAVERNE BRASSERIE 'T ZUID;HAPJE & DRANKJE;WOODROW WILSONPLEIN;4 BUS 244;9000;GENT
TEA ROOM BRASSERIE DE ...;HAPJE & DRANKJE;BRABANTDAM;35H;9000;GENT
TELESCO SHOP;FASHION & ACCESSOIRES;GROENTENMARKT;14;9000;GENT
THAWAN THAI;RESTAURANT;"""JACQUES  EGGERMONTSTRAAT";72;9050;LEDEBERG
THE FALLEN ANGELS GALLERY;CADEAUS;"""JAN BREYDELSTRAAT";31;9000;GENT
THE OUT;HAPJE & DRANKJE;HOOGPOORT;53;9000;GENT
THE RITS;FASHION & ACCESSOIRES;KORTRIJKSEPOORTSTRAAT;238;9000;GENT
THE SOAP STORY;BEAUTY & HEALTH;MAGELEINSTRAAT;19;9000;GENT
THE ZONE;ALLERLEI;VOSKENSLAAN;135;9000;GENT
THIBAULT VAN RENNE;SFEERVOL WONEN;MAGELEINSTRAAT;46;9000;GENT
THIENPONT SOUND & VISION BVBA;SFEERVOL WONEN;BRUSSELSEPOORTSTRAAT;2;9000;GENT
THINK TWICE;FASHION & ACCESSOIRES;AJUINLEI;15A;9000;GENT
THINK TWICE FAMILY SHOP;FASHION & ACCESSOIRES;WONDELGEMSTRAAT;48;9000;GENT
THOMA OKAZE GENT;SPORT & ONTSPANNING;BRUSSELSEPOORTSTRAAT;68;9000;GENT
THOMAS BRADLEY PILOT STORE;FASHION & ACCESSOIRES;VLAANDERENSTRAAT;92;9000;GENT
TIMMERMANS 1845;CADEAUS;"KORTEMUNT (GROENTENMARKT)""";5;9000;GENT
TIMOTHY FOR MEN;FASHION & ACCESSOIRES;BRUSSELSESTEENWEG;690;9050;GENTBRUGGE
TINNENPOT;SPORT & ONTSPANNING;TINNENPOTSTRAAT;21;9000;GENT
TINTELIJN ;SFEERVOL WONEN;VERKORTINGSTRAAT;53;9040;ST AMANDSBERG
TIVA;RESTAURANT;OUDBURG;43;9000;GENT
TOETSWIET;HAPJE & DRANKJE;KORENMARKT;9;9000;GENT
TONINA;FASHION & ACCESSOIRES;LANGEPLANKSTRAAT;21;9052;ZWIJNAARDE
TOP SUN;BEAUTY & HEALTH;BRUSSELSESTEENWEG;431;9050;GENTBRUGGE
TOPNAGELS;BEAUTY & HEALTH;SPARRESTRAAT;43;9000;GENT
TOPS SHOP;ALLERLEI;"LANGEMUNT  """;19;9000;GENT
TRANSMOBIEL BVBA - BCLIMO;ALLERLEI;HEERNISLAAN;55;9000;GENT
TRIADO;ALLERLEI;SINT-JACOBSNIEUWSTRAAT;13;9000;GENT
TUIN VAN ETEN;RESTAURANT;KORTRIJKSESTEENWEG;573;9000;GENT
TUINCENTRUM R. VANDE VELDE;SPORT & ONTSPANNING;BRUSSELSESTEENWEG;668;9050;GENTBRUGGE
TUTTI PASSI;CADEAUS;BRABANTDAM;44;9000;GENT
TWIGGY'S BVBA;FASHION & ACCESSOIRES;NOTARISSTRAAT;3;9000;GENT
UNDERCOVER;CADEAUS;KETELPOORT;3;9000;GENT
UNIGLOBE SMART TRAVEL;SPORT & ONTSPANNING;STEENDAM;42;9000;GENT
VAIVERDE;FASHION & ACCESSOIRES;KORENMARKT;1:00 AM;9000;GENT
VAN DE VELDE;BEAUTY & HEALTH;WONDELGEMSTRAAT;151;9000;GENT
VAN LAACK;FASHION & ACCESSOIRES;LANGE KRUISSTRAAT;10;9000;GENT
VANAC COLOR;SFEERVOL WONEN;GROENDREEF;177;9000;GENT
VANESSA BIS;FASHION & ACCESSOIRES;ZONNESTRAAT;4;9000;GENT
VANHOUTTE;FASHION & ACCESSOIRES;BURGSTRAAT;36;9000;GENT
VERANTWOORD SPEELGOED;CADEAUS;KORTRIJKSESTEENWEG;280;9000;GENT
VERITAS - GENT ZUID;FASHION & ACCESSOIRES;SHOPPING CENTER GENT ZUID - W. WILSONPLEIN;""" 4";9000;GENT
VERITAS - LANGEMUNT;FASHION & ACCESSOIRES;LANGEMUNT;25-27;9000;GENT
VERITAS - ZONNESTRAAT;FASHION & ACCESSOIRES;ZONNESTRAAT;5;9000;GENT
VERSMARKT VAN DROOGENBROECK;DELICATESSEN;BEVRIJDINGSLAAN;70;9000;GENT
VERSMARKT VAN DROOGENBROECK;DELICATESSEN;ANTWERPSESTEENWEG;329;9040;SINT-AMANDSBERG
VEVE;FASHION & ACCESSOIRES;OUDEBAREELSTRAAT;83A;9041;OOSTAKKER
VIA DE VOETEN;BEAUTY & HEALTH;KERKUILSTRAAT;35;9032;WONDELGEM
VIDA-NOVA;FASHION & ACCESSOIRES;BRABANTDAM;42;9000;GENT
VINTAGE;HAPJE & DRANKJE;ONDERBERGEN;35;9000;GENT
VISDELICATESSEN BULTÃ© ...;DELICATESSEN;BOUWMEESTERSSTRAAT;71;9040;SINT-AMANDSBERG
VISHANDEL 'T KRABBETJE;DELICATESSEN;ANTOON CATRIESRAAT;19;9031;DRONGEN
VISHANDEL-TRAITEUR ZEEBRIES;DELICATESSEN;POPERINGESTRAAT;38;9000;GENT
VOEDING ONGENA;ALLERLEI;GENTSTRAAT;383;9041;OOSTAKKER
VOETCENTER GOBEYN;BEAUTY & HEALTH;SINT-BERNADETTESTRAAT;19;9040;SINT-AMANDSBERG
WELLNESS CENTER ROGGE;SPORT & ONTSPANNING;MARTELAARSLAAN;256;9000;GENT
WELLNESS ZENSATIE;BEAUTY & HEALTH;MOREKSTRAAT;476;9032;WONDELGEM
WELLNESSCHEZVOUS;BEAUTY & HEALTH;PEERSTRAAT;75;9000;GENT
WERELDWINKEL ...;ALLERLEI;L. TERTZWEILLAAN;2;9050;GENTBRUGGE
WEST SITE;SPORT & ONTSPANNING;NEDERKOUTER;127;9000;GENT
WHOLE LIVING;BEAUTY & HEALTH;HOOFDKERKSTRAAT;7;9000;GENT
WICKERHOFF;DELICATESSEN;NEDERKOUTER;135;9000;GENT
WIGS & WEAVES;BEAUTY & HEALTH;OTTOGRACHT;5;9000;GENT
WIJNHANDEL VAN DEN BUSSCHE & ...;DELICATESSEN;VLAANDERENSTRAAT;110;9000;GENT
WILLI'S WERELD;CADEAUS;SERPENTSTRAAT;28;9000;GENT
WINSEL BVBA;SFEERVOL WONEN;DAMPOORTSTRAAT;53-59;9000;GENT
WOK A WAY AFTER DARK;RESTAURANT;KORENMARKT;11;9000;GENT
WOLFORD BOETIEK;FASHION & ACCESSOIRES;KOESTRAAT;19;9000;GENT
WOOL-E SHOP;ALLERLEI;EMIEL LOSSYSTRAAT;17;9040;ST AMANDSBERG
WOOLBOETIEK BERGÃ¨RE DE FRANCE;SPORT & ONTSPANNING;NOORDSTRAAT;26;9000;GENT
WORLDS' END COMICS;CADEAUS;OVERPOORTSTRAAT;110;9000;GENT
YAMUNA;BEAUTY & HEALTH;GROENESTAAKSTRAAT;"37+""";9030;MARIAKERKE
YDEE;SFEERVOL WONEN;OUDBURG;56;9000;GENT
YELLOWMOON;CADEAUS;WIJZEMANSTRAAT;7;9000;GENT
YOGA-ON-CALL;SPORT & ONTSPANNING;OUDESCHELDESTRAAT;16;9000;GENT
YOGATIMES;SPORT & ONTSPANNING;GRONDWETLAAN;22;9040;SINT-AMANDSBERG
YOUNG & DYNAMIC;BEAUTY & HEALTH;LANGEMUNT;57;9000;GENT
YOUNGWATCH BIJ VANHOUTTEGHEM;FASHION & ACCESSOIRES;DAMPOORTSTRAAT;2;9000;GENT
YUKSEL TRAVEL;SPORT & ONTSPANNING;DENDERMONDSESTEENWEG;217;9040;SINT-AMANDSBERG
YUZU;DELICATESSEN;WALPOORTSTRAAT;11A;9000;GENT
ZENCHIBAR;HAPJE & DRANKJE;VROUWEBROERSTRAAT;21;9000;GENT
[SU'RO];SPORT & ONTSPANNING;VLIERSTRAAT;57;9000;GENT
